,TenantId,Account,EventID,TimeGenerated,SourceComputerId,Computer,SubjectUserName,SubjectDomainName,SubjectUserSid,TargetUserName,TargetDomainName,TargetUserSid,TargetLogonId,LogonProcessName,LogonType,AuthenticationPackageName,Status,IpAddress,WorkstationName,TimeCreatedUtc
0,52b1ab41-869e-4138-9e40-2a4457f09bf0,NT AUTHORITY\SYSTEM,4624,2019-02-12 04:56:34.307,263a788b-6526-4cdc-8ed9-d79402fe4aa0,MSTICAlertsWin1,MSTICAlertsWin1$,WORKGROUP,S-1-5-18,SYSTEM,NT AUTHORITY,S-1-5-18,0x3e7,Advapi  ,5,Negotiate,,-,-,2019-02-12 04:56:34.307
1,52b1ab41-869e-4138-9e40-2a4457f09bf0,MSTICAlertsWin1\MSTICAdmin,4624,2019-02-12 04:37:25.340,263a788b-6526-4cdc-8ed9-d79402fe4aa0,MSTICAlertsWin1,-,-,S-1-0-0,MSTICAdmin,MSTICAlertsWin1,S-1-5-21-996632719-2361334927-4038480536-500,0xc90e957,NtLmSsp ,3,NTLM,,131.107.147.209,IANHELLE-DEV17,2019-02-12 04:37:25.340
2,52b1ab41-869e-4138-9e40-2a4457f09bf0,MSTICAlertsWin1\MSTICAdmin,4624,2019-02-12 04:37:27.997,263a788b-6526-4cdc-8ed9-d79402fe4aa0,MSTICAlertsWin1,-,-,S-1-0-0,MSTICAdmin,MSTICAlertsWin1,S-1-5-21-996632719-2361334927-4038480536-500,0xc90ea44,NtLmSsp ,3,NTLM,,131.107.147.209,IANHELLE-DEV17,2019-02-12 04:37:27.997
3,52b1ab41-869e-4138-9e40-2a4457f09bf0,MSTICAlertsWin1\MSTICAdmin,4624,2019-02-12 04:38:16.550,263a788b-6526-4cdc-8ed9-d79402fe4aa0,MSTICAlertsWin1,-,-,S-1-0-0,MSTICAdmin,MSTICAlertsWin1,S-1-5-21-996632719-2361334927-4038480536-500,0xc912d62,NtLmSsp ,3,NTLM,,131.107.147.209,IANHELLE-DEV17,2019-02-12 04:38:16.550
4,52b1ab41-869e-4138-9e40-2a4457f09bf0,MSTICAlertsWin1\MSTICAdmin,4624,2019-02-12 04:38:21.370,263a788b-6526-4cdc-8ed9-d79402fe4aa0,MSTICAlertsWin1,-,-,S-1-0-0,MSTICAdmin,MSTICAlertsWin1,S-1-5-21-996632719-2361334927-4038480536-500,0xc913737,NtLmSsp ,3,NTLM,,131.107.147.209,IANHELLE-DEV17,2019-02-12 04:38:21.370
5,52b1ab41-869e-4138-9e40-2a4457f09bf0,NT AUTHORITY\SYSTEM,4624,2019-02-12 04:50:09.713,263a788b-6526-4cdc-8ed9-d79402fe4aa0,MSTICAlertsWin1,MSTICAlertsWin1$,WORKGROUP,S-1-5-18,SYSTEM,NT AUTHORITY,S-1-5-18,0x3e7,Advapi  ,5,Negotiate,,-,-,2019-02-12 04:50:09.713
6,52b1ab41-869e-4138-9e40-2a4457f09bf0,NT AUTHORITY\SYSTEM,4624,2019-02-12 04:50:18.660,263a788b-6526-4cdc-8ed9-d79402fe4aa0,MSTICAlertsWin1,MSTICAlertsWin1$,WORKGROUP,S-1-5-18,SYSTEM,NT AUTHORITY,S-1-5-18,0x3e7,Advapi  ,5,Negotiate,,-,-,2019-02-12 04:50:18.660
7,52b1ab41-869e-4138-9e40-2a4457f09bf0,NT AUTHORITY\SYSTEM,4624,2019-02-12 04:43:56.327,263a788b-6526-4cdc-8ed9-d79402fe4aa0,MSTICAlertsWin1,MSTICAlertsWin1$,WORKGROUP,S-1-5-18,SYSTEM,NT AUTHORITY,S-1-5-18,0x3e7,Advapi  ,5,Negotiate,,-,-,2019-02-12 04:43:56.327
8,52b1ab41-869e-4138-9e40-2a4457f09bf0,NT AUTHORITY\SYSTEM,4624,2019-02-12 04:44:10.343,263a788b-6526-4cdc-8ed9-d79402fe4aa0,MSTICAlertsWin1,MSTICAlertsWin1$,WORKGROUP,S-1-5-18,SYSTEM,NT AUTHORITY,S-1-5-18,0x3e7,Advapi  ,5,Negotiate,,-,-,2019-02-12 04:44:10.343
9,52b1ab41-869e-4138-9e40-2a4457f09bf0,NT AUTHORITY\SYSTEM,4624,2019-02-12 04:40:11.867,263a788b-6526-4cdc-8ed9-d79402fe4aa0,MSTICAlertsWin1,MSTICAlertsWin1$,WORKGROUP,S-1-5-18,SYSTEM,NT AUTHORITY,S-1-5-18,0x3e7,Advapi  ,5,Negotiate,,-,-,2019-02-12 04:40:11.867
10,52b1ab41-869e-4138-9e40-2a4457f09bf0,NT AUTHORITY\IUSR,4624,2019-02-12 04:40:12.360,263a788b-6526-4cdc-8ed9-d79402fe4aa0,MSTICAlertsWin1,MSTICAlertsWin1$,WORKGROUP,S-1-5-18,IUSR,NT AUTHORITY,S-1-5-17,0x3e3,Advapi  ,5,Negotiate,,-,-,2019-02-12 04:40:12.360
11,52b1ab41-869e-4138-9e40-2a4457f09bf0,NT AUTHORITY\SYSTEM,4624,2019-02-12 04:40:52.343,263a788b-6526-4cdc-8ed9-d79402fe4aa0,MSTICAlertsWin1,MSTICAlertsWin1$,WORKGROUP,S-1-5-18,SYSTEM,NT AUTHORITY,S-1-5-18,0x3e7,Advapi  ,5,Negotiate,,-,-,2019-02-12 04:40:52.343
12,52b1ab41-869e-4138-9e40-2a4457f09bf0,NT AUTHORITY\SYSTEM,4624,2019-02-12 04:40:03.870,263a788b-6526-4cdc-8ed9-d79402fe4aa0,MSTICAlertsWin1,-,-,S-1-0-0,SYSTEM,NT AUTHORITY,S-1-5-18,0x3e7,-,0,-,,-,-,2019-02-12 04:40:03.870
13,52b1ab41-869e-4138-9e40-2a4457f09bf0,NT AUTHORITY\SYSTEM,4624,2019-02-12 04:40:04.083,263a788b-6526-4cdc-8ed9-d79402fe4aa0,MSTICAlertsWin1,MSTICAlertsWin1$,WORKGROUP,S-1-5-18,SYSTEM,NT AUTHORITY,S-1-5-18,0x3e7,Advapi  ,5,Negotiate,,-,-,2019-02-12 04:40:04.083
14,52b1ab41-869e-4138-9e40-2a4457f09bf0,NT AUTHORITY\NETWORK SERVICE,4624,2019-02-12 04:40:04.207,263a788b-6526-4cdc-8ed9-d79402fe4aa0,MSTICAlertsWin1,MSTICAlertsWin1$,WORKGROUP,S-1-5-18,NETWORK SERVICE,NT AUTHORITY,S-1-5-20,0x3e4,Advapi  ,5,Negotiate,,-,-,2019-02-12 04:40:04.207
15,52b1ab41-869e-4138-9e40-2a4457f09bf0,Window Manager\DWM-1,4624,2019-02-12 04:40:04.483,263a788b-6526-4cdc-8ed9-d79402fe4aa0,MSTICAlertsWin1,MSTICAlertsWin1$,WORKGROUP,S-1-5-18,DWM-1,Window Manager,S-1-5-90-0-1,0xaddd,Advapi  ,2,Negotiate,,-,-,2019-02-12 04:40:04.483
16,52b1ab41-869e-4138-9e40-2a4457f09bf0,Window Manager\DWM-1,4624,2019-02-12 04:40:04.483,263a788b-6526-4cdc-8ed9-d79402fe4aa0,MSTICAlertsWin1,MSTICAlertsWin1$,WORKGROUP,S-1-5-18,DWM-1,Window Manager,S-1-5-90-0-1,0xafff,Advapi  ,2,Negotiate,,-,-,2019-02-12 04:40:04.483
17,52b1ab41-869e-4138-9e40-2a4457f09bf0,NT AUTHORITY\LOCAL SERVICE,4624,2019-02-12 04:40:04.573,263a788b-6526-4cdc-8ed9-d79402fe4aa0,MSTICAlertsWin1,MSTICAlertsWin1$,WORKGROUP,S-1-5-18,LOCAL SERVICE,NT AUTHORITY,S-1-5-19,0x3e5,Advapi  ,5,Negotiate,,-,-,2019-02-12 04:40:04.573
18,52b1ab41-869e-4138-9e40-2a4457f09bf0,NT AUTHORITY\SYSTEM,4624,2019-02-12 04:40:04.997,263a788b-6526-4cdc-8ed9-d79402fe4aa0,MSTICAlertsWin1,MSTICAlertsWin1$,WORKGROUP,S-1-5-18,SYSTEM,NT AUTHORITY,S-1-5-18,0x3e7,Advapi  ,5,Negotiate,,-,-,2019-02-12 04:40:04.997
19,52b1ab41-869e-4138-9e40-2a4457f09bf0,NT AUTHORITY\SYSTEM,4624,2019-02-12 04:40:05.093,263a788b-6526-4cdc-8ed9-d79402fe4aa0,MSTICAlertsWin1,MSTICAlertsWin1$,WORKGROUP,S-1-5-18,SYSTEM,NT AUTHORITY,S-1-5-18,0x3e7,Advapi  ,5,Negotiate,,-,-,2019-02-12 04:40:05.093
20,52b1ab41-869e-4138-9e40-2a4457f09bf0,NT AUTHORITY\SYSTEM,4624,2019-02-12 04:40:07.463,263a788b-6526-4cdc-8ed9-d79402fe4aa0,MSTICAlertsWin1,MSTICAlertsWin1$,WORKGROUP,S-1-5-18,SYSTEM,NT AUTHORITY,S-1-5-18,0x3e7,Advapi  ,5,Negotiate,,-,-,2019-02-12 04:40:07.463
21,52b1ab41-869e-4138-9e40-2a4457f09bf0,NT AUTHORITY\SYSTEM,4624,2019-02-12 04:40:07.473,263a788b-6526-4cdc-8ed9-d79402fe4aa0,MSTICAlertsWin1,MSTICAlertsWin1$,WORKGROUP,S-1-5-18,SYSTEM,NT AUTHORITY,S-1-5-18,0x3e7,Advapi  ,5,Negotiate,,-,-,2019-02-12 04:40:07.473
22,52b1ab41-869e-4138-9e40-2a4457f09bf0,NT AUTHORITY\SYSTEM,4624,2019-02-12 04:40:07.540,263a788b-6526-4cdc-8ed9-d79402fe4aa0,MSTICAlertsWin1,MSTICAlertsWin1$,WORKGROUP,S-1-5-18,SYSTEM,NT AUTHORITY,S-1-5-18,0x3e7,Advapi  ,5,Negotiate,,-,-,2019-02-12 04:40:07.540
23,52b1ab41-869e-4138-9e40-2a4457f09bf0,NT AUTHORITY\SYSTEM,4624,2019-02-12 04:40:11.357,263a788b-6526-4cdc-8ed9-d79402fe4aa0,MSTICAlertsWin1,MSTICAlertsWin1$,WORKGROUP,S-1-5-18,SYSTEM,NT AUTHORITY,S-1-5-18,0x3e7,Advapi  ,5,Negotiate,,-,-,2019-02-12 04:40:11.357
24,52b1ab41-869e-4138-9e40-2a4457f09bf0,NT AUTHORITY\SYSTEM,4624,2019-02-12 04:40:11.530,263a788b-6526-4cdc-8ed9-d79402fe4aa0,MSTICAlertsWin1,MSTICAlertsWin1$,WORKGROUP,S-1-5-18,SYSTEM,NT AUTHORITY,S-1-5-18,0x3e7,Advapi  ,5,Negotiate,,-,-,2019-02-12 04:40:11.530
25,52b1ab41-869e-4138-9e40-2a4457f09bf0,NT AUTHORITY\SYSTEM,4624,2019-02-12 04:40:11.533,263a788b-6526-4cdc-8ed9-d79402fe4aa0,MSTICAlertsWin1,MSTICAlertsWin1$,WORKGROUP,S-1-5-18,SYSTEM,NT AUTHORITY,S-1-5-18,0x3e7,Advapi  ,5,Negotiate,,-,-,2019-02-12 04:40:11.533
26,52b1ab41-869e-4138-9e40-2a4457f09bf0,NT AUTHORITY\SYSTEM,4624,2019-02-12 04:40:11.563,263a788b-6526-4cdc-8ed9-d79402fe4aa0,MSTICAlertsWin1,MSTICAlertsWin1$,WORKGROUP,S-1-5-18,SYSTEM,NT AUTHORITY,S-1-5-18,0x3e7,Advapi  ,5,Negotiate,,-,-,2019-02-12 04:40:11.563
27,52b1ab41-869e-4138-9e40-2a4457f09bf0,NT AUTHORITY\SYSTEM,4624,2019-02-12 04:40:11.567,263a788b-6526-4cdc-8ed9-d79402fe4aa0,MSTICAlertsWin1,MSTICAlertsWin1$,WORKGROUP,S-1-5-18,SYSTEM,NT AUTHORITY,S-1-5-18,0x3e7,Advapi  ,5,Negotiate,,-,-,2019-02-12 04:40:11.567
28,52b1ab41-869e-4138-9e40-2a4457f09bf0,NT AUTHORITY\SYSTEM,4624,2019-02-12 04:40:11.573,263a788b-6526-4cdc-8ed9-d79402fe4aa0,MSTICAlertsWin1,MSTICAlertsWin1$,WORKGROUP,S-1-5-18,SYSTEM,NT AUTHORITY,S-1-5-18,0x3e7,Advapi  ,5,Negotiate,,-,-,2019-02-12 04:40:11.573
29,52b1ab41-869e-4138-9e40-2a4457f09bf0,NT AUTHORITY\SYSTEM,4624,2019-02-12 04:40:11.620,263a788b-6526-4cdc-8ed9-d79402fe4aa0,MSTICAlertsWin1,MSTICAlertsWin1$,WORKGROUP,S-1-5-18,SYSTEM,NT AUTHORITY,S-1-5-18,0x3e7,Advapi  ,5,Negotiate,,-,-,2019-02-12 04:40:11.620
30,52b1ab41-869e-4138-9e40-2a4457f09bf0,NT AUTHORITY\SYSTEM,4624,2019-02-12 04:40:11.623,263a788b-6526-4cdc-8ed9-d79402fe4aa0,MSTICAlertsWin1,MSTICAlertsWin1$,WORKGROUP,S-1-5-18,SYSTEM,NT AUTHORITY,S-1-5-18,0x3e7,Advapi  ,5,Negotiate,,-,-,2019-02-12 04:40:11.623
31,52b1ab41-869e-4138-9e40-2a4457f09bf0,MSTICAlertsWin1\MSTICAdmin,4624,2019-02-11 22:47:53.750,263a788b-6526-4cdc-8ed9-d79402fe4aa0,MSTICAlertsWin1,MSTICAlertsWin1$,WORKGROUP,S-1-5-18,MSTICAdmin,MSTICAlertsWin1,S-1-5-21-996632719-2361334927-4038480536-500,0xc54c7b9,Advapi  ,4,Negotiate,,-,MSTICAlertsWin1,2019-02-11 22:47:53.750
32,52b1ab41-869e-4138-9e40-2a4457f09bf0,NT AUTHORITY\SYSTEM,4624,2019-02-12 06:42:08.110,263a788b-6526-4cdc-8ed9-d79402fe4aa0,MSTICAlertsWin1,MSTICAlertsWin1$,WORKGROUP,S-1-5-18,SYSTEM,NT AUTHORITY,S-1-5-18,0x3e7,Advapi  ,5,Negotiate,,-,-,2019-02-12 06:42:08.110
33,52b1ab41-869e-4138-9e40-2a4457f09bf0,NT AUTHORITY\SYSTEM,4624,2019-02-12 04:44:35.143,263a788b-6526-4cdc-8ed9-d79402fe4aa0,MSTICAlertsWin1,MSTICAlertsWin1$,WORKGROUP,S-1-5-18,SYSTEM,NT AUTHORITY,S-1-5-18,0x3e7,Advapi  ,5,Negotiate,,-,-,2019-02-12 04:44:35.143
34,52b1ab41-869e-4138-9e40-2a4457f09bf0,MSTICAlertsWin1\MSTICAdmin,4624,2019-02-11 18:10:57.717,263a788b-6526-4cdc-8ed9-d79402fe4aa0,MSTICAlertsWin1,MSTICAlertsWin1$,WORKGROUP,S-1-5-18,MSTICAdmin,MSTICAlertsWin1,S-1-5-21-996632719-2361334927-4038480536-500,0xc277459,Advapi  ,4,Negotiate,,-,MSTICAlertsWin1,2019-02-11 18:10:57.717
35,52b1ab41-869e-4138-9e40-2a4457f09bf0,MSTICAlertsWin1\MSTICAdmin,4624,2019-02-11 11:48:25.733,263a788b-6526-4cdc-8ed9-d79402fe4aa0,MSTICAlertsWin1,MSTICAlertsWin1$,WORKGROUP,S-1-5-18,MSTICAdmin,MSTICAlertsWin1,S-1-5-21-996632719-2361334927-4038480536-500,0xbed1e13,Advapi  ,4,Negotiate,,-,MSTICAlertsWin1,2019-02-11 11:48:25.733
36,52b1ab41-869e-4138-9e40-2a4457f09bf0,MSTICAlertsWin1\MSTICAdmin,4624,2019-02-11 09:58:48.773,263a788b-6526-4cdc-8ed9-d79402fe4aa0,MSTICAlertsWin1,MSTICAlertsWin1$,WORKGROUP,S-1-5-18,MSTICAdmin,MSTICAlertsWin1,S-1-5-21-996632719-2361334927-4038480536-500,0xbd57571,Advapi  ,4,Negotiate,,-,MSTICAlertsWin1,2019-02-11 09:58:48.773
37,52b1ab41-869e-4138-9e40-2a4457f09bf0,NT AUTHORITY\SYSTEM,4624,2019-02-11 09:59:02.593,263a788b-6526-4cdc-8ed9-d79402fe4aa0,MSTICAlertsWin1,MSTICAlertsWin1$,WORKGROUP,S-1-5-18,SYSTEM,NT AUTHORITY,S-1-5-18,0x3e7,Advapi  ,5,Negotiate,,-,-,2019-02-11 09:59:02.593
38,52b1ab41-869e-4138-9e40-2a4457f09bf0,NT AUTHORITY\SYSTEM,4624,2019-02-11 05:10:54.183,263a788b-6526-4cdc-8ed9-d79402fe4aa0,MSTICAlertsWin1,MSTICAlertsWin1$,WORKGROUP,S-1-5-18,SYSTEM,NT AUTHORITY,S-1-5-18,0x3e7,Advapi  ,5,Negotiate,,-,-,2019-02-11 05:10:54.183
39,52b1ab41-869e-4138-9e40-2a4457f09bf0,NT AUTHORITY\SYSTEM,4624,2019-02-10 20:06:58.907,263a788b-6526-4cdc-8ed9-d79402fe4aa0,MSTICAlertsWin1,MSTICAlertsWin1$,WORKGROUP,S-1-5-18,SYSTEM,NT AUTHORITY,S-1-5-18,0x3e7,Advapi  ,5,Negotiate,,-,-,2019-02-10 20:06:58.907
40,52b1ab41-869e-4138-9e40-2a4457f09bf0,NT AUTHORITY\SYSTEM,4624,2019-02-10 21:47:20.740,263a788b-6526-4cdc-8ed9-d79402fe4aa0,MSTICAlertsWin1,MSTICAlertsWin1$,WORKGROUP,S-1-5-18,SYSTEM,NT AUTHORITY,S-1-5-18,0x3e7,Advapi  ,5,Negotiate,,-,-,2019-02-10 21:47:20.740
41,52b1ab41-869e-4138-9e40-2a4457f09bf0,NT AUTHORITY\SYSTEM,4624,2019-02-10 21:47:21.503,263a788b-6526-4cdc-8ed9-d79402fe4aa0,MSTICAlertsWin1,MSTICAlertsWin1$,WORKGROUP,S-1-5-18,SYSTEM,NT AUTHORITY,S-1-5-18,0x3e7,Advapi  ,5,Negotiate,,-,-,2019-02-10 21:47:21.503
42,52b1ab41-869e-4138-9e40-2a4457f09bf0,NT AUTHORITY\SYSTEM,4624,2019-02-10 20:02:44.460,263a788b-6526-4cdc-8ed9-d79402fe4aa0,MSTICAlertsWin1,MSTICAlertsWin1$,WORKGROUP,S-1-5-18,SYSTEM,NT AUTHORITY,S-1-5-18,0x3e7,Advapi  ,5,Negotiate,,-,-,2019-02-10 20:02:44.460
43,52b1ab41-869e-4138-9e40-2a4457f09bf0,NT AUTHORITY\SYSTEM,4624,2019-02-10 20:03:29.680,263a788b-6526-4cdc-8ed9-d79402fe4aa0,MSTICAlertsWin1,MSTICAlertsWin1$,WORKGROUP,S-1-5-18,SYSTEM,NT AUTHORITY,S-1-5-18,0x3e7,Advapi  ,5,Negotiate,,-,-,2019-02-10 20:03:29.680
44,52b1ab41-869e-4138-9e40-2a4457f09bf0,NT AUTHORITY\SYSTEM,4624,2019-02-10 20:03:56.173,263a788b-6526-4cdc-8ed9-d79402fe4aa0,MSTICAlertsWin1,MSTICAlertsWin1$,WORKGROUP,S-1-5-18,SYSTEM,NT AUTHORITY,S-1-5-18,0x3e7,Advapi  ,5,Negotiate,,-,-,2019-02-10 20:03:56.173
45,52b1ab41-869e-4138-9e40-2a4457f09bf0,NT AUTHORITY\SYSTEM,4624,2019-02-10 20:03:57.417,263a788b-6526-4cdc-8ed9-d79402fe4aa0,MSTICAlertsWin1,MSTICAlertsWin1$,WORKGROUP,S-1-5-18,SYSTEM,NT AUTHORITY,S-1-5-18,0x3e7,Advapi  ,5,Negotiate,,-,-,2019-02-10 20:03:57.417
46,52b1ab41-869e-4138-9e40-2a4457f09bf0,NT AUTHORITY\SYSTEM,4624,2019-02-10 05:10:54.300,263a788b-6526-4cdc-8ed9-d79402fe4aa0,MSTICAlertsWin1,MSTICAlertsWin1$,WORKGROUP,S-1-5-18,SYSTEM,NT AUTHORITY,S-1-5-18,0x3e7,Advapi  ,5,Negotiate,,-,-,2019-02-10 05:10:54.300
47,52b1ab41-869e-4138-9e40-2a4457f09bf0,NT AUTHORITY\SYSTEM,4624,2019-02-10 00:48:31.607,263a788b-6526-4cdc-8ed9-d79402fe4aa0,MSTICAlertsWin1,MSTICAlertsWin1$,WORKGROUP,S-1-5-18,SYSTEM,NT AUTHORITY,S-1-5-18,0x3e7,Advapi  ,5,Negotiate,,-,-,2019-02-10 00:48:31.607
48,52b1ab41-869e-4138-9e40-2a4457f09bf0,NT AUTHORITY\SYSTEM,4624,2019-02-10 00:45:29.713,263a788b-6526-4cdc-8ed9-d79402fe4aa0,MSTICAlertsWin1,MSTICAlertsWin1$,WORKGROUP,S-1-5-18,SYSTEM,NT AUTHORITY,S-1-5-18,0x3e7,Advapi  ,5,Negotiate,,-,-,2019-02-10 00:45:29.713
49,52b1ab41-869e-4138-9e40-2a4457f09bf0,NT AUTHORITY\SYSTEM,4624,2019-02-10 00:45:32.373,263a788b-6526-4cdc-8ed9-d79402fe4aa0,MSTICAlertsWin1,MSTICAlertsWin1$,WORKGROUP,S-1-5-18,SYSTEM,NT AUTHORITY,S-1-5-18,0x3e7,Advapi  ,5,Negotiate,,-,-,2019-02-10 00:45:32.373
50,52b1ab41-869e-4138-9e40-2a4457f09bf0,MSTICAlertsWin1\MSTICAdmin,4624,2019-02-09 23:26:47.700,263a788b-6526-4cdc-8ed9-d79402fe4aa0,MSTICAlertsWin1,MSTICAlertsWin1$,WORKGROUP,S-1-5-18,MSTICAdmin,MSTICAlertsWin1,S-1-5-21-996632719-2361334927-4038480536-500,0xab5a5ac,Advapi  ,4,Negotiate,,-,MSTICAlertsWin1,2019-02-09 23:26:47.700
51,52b1ab41-869e-4138-9e40-2a4457f09bf0,NT AUTHORITY\SYSTEM,4624,2019-02-09 12:32:50.220,263a788b-6526-4cdc-8ed9-d79402fe4aa0,MSTICAlertsWin1,MSTICAlertsWin1$,WORKGROUP,S-1-5-18,SYSTEM,NT AUTHORITY,S-1-5-18,0x3e7,Advapi  ,5,Negotiate,,-,-,2019-02-09 12:32:50.220
52,52b1ab41-869e-4138-9e40-2a4457f09bf0,NT AUTHORITY\SYSTEM,4624,2019-02-09 12:35:51.683,263a788b-6526-4cdc-8ed9-d79402fe4aa0,MSTICAlertsWin1,MSTICAlertsWin1$,WORKGROUP,S-1-5-18,SYSTEM,NT AUTHORITY,S-1-5-18,0x3e7,Advapi  ,5,Negotiate,,-,-,2019-02-09 12:35:51.683
53,52b1ab41-869e-4138-9e40-2a4457f09bf0,MSTICAlertsWin1\MSTICAdmin,4624,2019-02-14 11:51:37.603,263a788b-6526-4cdc-8ed9-d79402fe4aa0,MSTICAlertsWin1,MSTICAlertsWin1$,WORKGROUP,S-1-5-18,MSTICAdmin,MSTICAlertsWin1,S-1-5-21-996632719-2361334927-4038480536-500,0x78225e,Advapi  ,4,Negotiate,,-,MSTICAlertsWin1,2019-02-14 11:51:37.603
54,52b1ab41-869e-4138-9e40-2a4457f09bf0,NT AUTHORITY\SYSTEM,4624,2019-02-14 03:38:46.517,263a788b-6526-4cdc-8ed9-d79402fe4aa0,MSTICAlertsWin1,MSTICAlertsWin1$,WORKGROUP,S-1-5-18,SYSTEM,NT AUTHORITY,S-1-5-18,0x3e7,Advapi  ,5,Negotiate,,-,-,2019-02-14 03:38:46.517
55,52b1ab41-869e-4138-9e40-2a4457f09bf0,NT AUTHORITY\SYSTEM,4624,2019-02-14 04:12:44.970,263a788b-6526-4cdc-8ed9-d79402fe4aa0,MSTICAlertsWin1,MSTICAlertsWin1$,WORKGROUP,S-1-5-18,SYSTEM,NT AUTHORITY,S-1-5-18,0x3e7,Advapi  ,5,Negotiate,,-,-,2019-02-14 04:12:44.970
56,52b1ab41-869e-4138-9e40-2a4457f09bf0,NT AUTHORITY\SYSTEM,4624,2019-02-14 04:24:28.893,263a788b-6526-4cdc-8ed9-d79402fe4aa0,MSTICAlertsWin1,MSTICAlertsWin1$,WORKGROUP,S-1-5-18,SYSTEM,NT AUTHORITY,S-1-5-18,0x3e7,Advapi  ,5,Negotiate,,-,-,2019-02-14 04:24:28.893
57,52b1ab41-869e-4138-9e40-2a4457f09bf0,NT AUTHORITY\SYSTEM,4624,2019-02-14 04:25:11.653,263a788b-6526-4cdc-8ed9-d79402fe4aa0,MSTICAlertsWin1,MSTICAlertsWin1$,WORKGROUP,S-1-5-18,SYSTEM,NT AUTHORITY,S-1-5-18,0x3e7,Advapi  ,5,Negotiate,,-,-,2019-02-14 04:25:11.653
58,52b1ab41-869e-4138-9e40-2a4457f09bf0,NT AUTHORITY\SYSTEM,4624,2019-02-14 04:25:59.013,263a788b-6526-4cdc-8ed9-d79402fe4aa0,MSTICAlertsWin1,MSTICAlertsWin1$,WORKGROUP,S-1-5-18,SYSTEM,NT AUTHORITY,S-1-5-18,0x3e7,Advapi  ,5,Negotiate,,-,-,2019-02-14 04:25:59.013
59,52b1ab41-869e-4138-9e40-2a4457f09bf0,NT AUTHORITY\SYSTEM,4624,2019-02-14 03:34:08.193,263a788b-6526-4cdc-8ed9-d79402fe4aa0,MSTICAlertsWin1,MSTICAlertsWin1$,WORKGROUP,S-1-5-18,SYSTEM,NT AUTHORITY,S-1-5-18,0x3e7,Advapi  ,5,Negotiate,,-,-,2019-02-14 03:34:08.193
60,52b1ab41-869e-4138-9e40-2a4457f09bf0,NT AUTHORITY\SYSTEM,4624,2019-02-14 03:00:42.233,263a788b-6526-4cdc-8ed9-d79402fe4aa0,MSTICAlertsWin1,MSTICAlertsWin1$,WORKGROUP,S-1-5-18,SYSTEM,NT AUTHORITY,S-1-5-18,0x3e7,Advapi  ,5,Negotiate,,-,-,2019-02-14 03:00:42.233
61,52b1ab41-869e-4138-9e40-2a4457f09bf0,NT AUTHORITY\SYSTEM,4624,2019-02-14 03:00:44.240,263a788b-6526-4cdc-8ed9-d79402fe4aa0,MSTICAlertsWin1,MSTICAlertsWin1$,WORKGROUP,S-1-5-18,SYSTEM,NT AUTHORITY,S-1-5-18,0x3e7,Advapi  ,5,Negotiate,,-,-,2019-02-14 03:00:44.240
62,52b1ab41-869e-4138-9e40-2a4457f09bf0,NT AUTHORITY\SYSTEM,4624,2019-02-14 03:00:52.483,263a788b-6526-4cdc-8ed9-d79402fe4aa0,MSTICAlertsWin1,MSTICAlertsWin1$,WORKGROUP,S-1-5-18,SYSTEM,NT AUTHORITY,S-1-5-18,0x3e7,Advapi  ,5,Negotiate,,-,-,2019-02-14 03:00:52.483
63,52b1ab41-869e-4138-9e40-2a4457f09bf0,MSTICAlertsWin1\MSTICAdmin,4624,2019-02-13 22:03:42.283,263a788b-6526-4cdc-8ed9-d79402fe4aa0,MSTICAlertsWin1,MSTICAlertsWin1$,WORKGROUP,S-1-5-18,MSTICAdmin,MSTICAlertsWin1,S-1-5-21-996632719-2361334927-4038480536-500,0x1e821b5,Advapi  ,4,Negotiate,,-,MSTICAlertsWin1,2019-02-13 22:03:42.283
64,52b1ab41-869e-4138-9e40-2a4457f09bf0,NT AUTHORITY\SYSTEM,4624,2019-02-13 21:10:58.540,263a788b-6526-4cdc-8ed9-d79402fe4aa0,MSTICAlertsWin1,MSTICAlertsWin1$,WORKGROUP,S-1-5-18,SYSTEM,NT AUTHORITY,S-1-5-18,0x3e7,Advapi  ,5,Negotiate,,-,-,2019-02-13 21:10:58.540
65,52b1ab41-869e-4138-9e40-2a4457f09bf0,NT AUTHORITY\SYSTEM,4624,2019-02-14 04:31:12.283,263a788b-6526-4cdc-8ed9-d79402fe4aa0,MSTICAlertsWin1,MSTICAlertsWin1$,WORKGROUP,S-1-5-18,SYSTEM,NT AUTHORITY,S-1-5-18,0x3e7,Advapi  ,5,Negotiate,,-,-,2019-02-14 04:31:12.283
66,52b1ab41-869e-4138-9e40-2a4457f09bf0,NT AUTHORITY\SYSTEM,4624,2019-02-14 04:21:45.410,263a788b-6526-4cdc-8ed9-d79402fe4aa0,MSTICAlertsWin1,MSTICAlertsWin1$,WORKGROUP,S-1-5-18,SYSTEM,NT AUTHORITY,S-1-5-18,0x3e7,Advapi  ,5,Negotiate,,-,-,2019-02-14 04:21:45.410
67,52b1ab41-869e-4138-9e40-2a4457f09bf0,NT AUTHORITY\SYSTEM,4624,2019-02-14 04:51:37.183,263a788b-6526-4cdc-8ed9-d79402fe4aa0,MSTICAlertsWin1,MSTICAlertsWin1$,WORKGROUP,S-1-5-18,SYSTEM,NT AUTHORITY,S-1-5-18,0x3e7,Advapi  ,5,Negotiate,,-,-,2019-02-14 04:51:37.183
68,52b1ab41-869e-4138-9e40-2a4457f09bf0,NT AUTHORITY\SYSTEM,4624,2019-02-14 04:21:37.637,263a788b-6526-4cdc-8ed9-d79402fe4aa0,MSTICAlertsWin1,MSTICAlertsWin1$,WORKGROUP,S-1-5-18,SYSTEM,NT AUTHORITY,S-1-5-18,0x3e7,Advapi  ,5,Negotiate,,-,-,2019-02-14 04:21:37.637
69,52b1ab41-869e-4138-9e40-2a4457f09bf0,NT AUTHORITY\SYSTEM,4624,2019-02-13 22:08:46.537,263a788b-6526-4cdc-8ed9-d79402fe4aa0,MSTICAlertsWin1,MSTICAlertsWin1$,WORKGROUP,S-1-5-18,SYSTEM,NT AUTHORITY,S-1-5-18,0x3e7,Advapi  ,5,Negotiate,,-,-,2019-02-13 22:08:46.537
70,52b1ab41-869e-4138-9e40-2a4457f09bf0,NT AUTHORITY\SYSTEM,4624,2019-02-14 04:20:54.370,263a788b-6526-4cdc-8ed9-d79402fe4aa0,MSTICAlertsWin1,-,-,S-1-0-0,SYSTEM,NT AUTHORITY,S-1-5-18,0x3e7,-,0,-,,-,-,2019-02-14 04:20:54.370
71,52b1ab41-869e-4138-9e40-2a4457f09bf0,NT AUTHORITY\SYSTEM,4624,2019-02-14 04:20:54.530,263a788b-6526-4cdc-8ed9-d79402fe4aa0,MSTICAlertsWin1,MSTICAlertsWin1$,WORKGROUP,S-1-5-18,SYSTEM,NT AUTHORITY,S-1-5-18,0x3e7,Advapi  ,5,Negotiate,,-,-,2019-02-14 04:20:54.530
72,52b1ab41-869e-4138-9e40-2a4457f09bf0,NT AUTHORITY\NETWORK SERVICE,4624,2019-02-14 04:20:54.630,263a788b-6526-4cdc-8ed9-d79402fe4aa0,MSTICAlertsWin1,MSTICAlertsWin1$,WORKGROUP,S-1-5-18,NETWORK SERVICE,NT AUTHORITY,S-1-5-20,0x3e4,Advapi  ,5,Negotiate,,-,-,2019-02-14 04:20:54.630
73,52b1ab41-869e-4138-9e40-2a4457f09bf0,Window Manager\DWM-1,4624,2019-02-14 04:20:54.773,263a788b-6526-4cdc-8ed9-d79402fe4aa0,MSTICAlertsWin1,MSTICAlertsWin1$,WORKGROUP,S-1-5-18,DWM-1,Window Manager,S-1-5-90-0-1,0xae8b,Advapi  ,2,Negotiate,,-,-,2019-02-14 04:20:54.773
74,52b1ab41-869e-4138-9e40-2a4457f09bf0,Window Manager\DWM-1,4624,2019-02-14 04:20:54.773,263a788b-6526-4cdc-8ed9-d79402fe4aa0,MSTICAlertsWin1,MSTICAlertsWin1$,WORKGROUP,S-1-5-18,DWM-1,Window Manager,S-1-5-90-0-1,0xaee2,Advapi  ,2,Negotiate,,-,-,2019-02-14 04:20:54.773
75,52b1ab41-869e-4138-9e40-2a4457f09bf0,NT AUTHORITY\LOCAL SERVICE,4624,2019-02-14 04:20:54.803,263a788b-6526-4cdc-8ed9-d79402fe4aa0,MSTICAlertsWin1,MSTICAlertsWin1$,WORKGROUP,S-1-5-18,LOCAL SERVICE,NT AUTHORITY,S-1-5-19,0x3e5,Advapi  ,5,Negotiate,,-,-,2019-02-14 04:20:54.803
76,52b1ab41-869e-4138-9e40-2a4457f09bf0,NT AUTHORITY\SYSTEM,4624,2019-02-14 04:20:54.987,263a788b-6526-4cdc-8ed9-d79402fe4aa0,MSTICAlertsWin1,MSTICAlertsWin1$,WORKGROUP,S-1-5-18,SYSTEM,NT AUTHORITY,S-1-5-18,0x3e7,Advapi  ,5,Negotiate,,-,-,2019-02-14 04:20:54.987
77,52b1ab41-869e-4138-9e40-2a4457f09bf0,NT AUTHORITY\SYSTEM,4624,2019-02-14 04:20:55.040,263a788b-6526-4cdc-8ed9-d79402fe4aa0,MSTICAlertsWin1,MSTICAlertsWin1$,WORKGROUP,S-1-5-18,SYSTEM,NT AUTHORITY,S-1-5-18,0x3e7,Advapi  ,5,Negotiate,,-,-,2019-02-14 04:20:55.040
78,52b1ab41-869e-4138-9e40-2a4457f09bf0,NT AUTHORITY\SYSTEM,4624,2019-02-14 04:20:54.600,263a788b-6526-4cdc-8ed9-d79402fe4aa0,MSTICAlertsWin1,MSTICAlertsWin1$,WORKGROUP,S-1-5-18,SYSTEM,NT AUTHORITY,S-1-5-18,0x3e7,Advapi  ,5,Negotiate,,-,-,2019-02-14 04:20:54.600
79,52b1ab41-869e-4138-9e40-2a4457f09bf0,NT AUTHORITY\SYSTEM,4624,2019-02-14 04:20:54.603,263a788b-6526-4cdc-8ed9-d79402fe4aa0,MSTICAlertsWin1,MSTICAlertsWin1$,WORKGROUP,S-1-5-18,SYSTEM,NT AUTHORITY,S-1-5-18,0x3e7,Advapi  ,5,Negotiate,,-,-,2019-02-14 04:20:54.603
80,52b1ab41-869e-4138-9e40-2a4457f09bf0,NT AUTHORITY\SYSTEM,4624,2019-02-14 04:20:54.760,263a788b-6526-4cdc-8ed9-d79402fe4aa0,MSTICAlertsWin1,MSTICAlertsWin1$,WORKGROUP,S-1-5-18,SYSTEM,NT AUTHORITY,S-1-5-18,0x3e7,Advapi  ,5,Negotiate,,-,-,2019-02-14 04:20:54.760
81,52b1ab41-869e-4138-9e40-2a4457f09bf0,NT AUTHORITY\SYSTEM,4624,2019-02-14 04:20:55.503,263a788b-6526-4cdc-8ed9-d79402fe4aa0,MSTICAlertsWin1,MSTICAlertsWin1$,WORKGROUP,S-1-5-18,SYSTEM,NT AUTHORITY,S-1-5-18,0x3e7,Advapi  ,5,Negotiate,,-,-,2019-02-14 04:20:55.503
82,52b1ab41-869e-4138-9e40-2a4457f09bf0,NT AUTHORITY\SYSTEM,4624,2019-02-14 04:20:55.623,263a788b-6526-4cdc-8ed9-d79402fe4aa0,MSTICAlertsWin1,MSTICAlertsWin1$,WORKGROUP,S-1-5-18,SYSTEM,NT AUTHORITY,S-1-5-18,0x3e7,Advapi  ,5,Negotiate,,-,-,2019-02-14 04:20:55.623
83,52b1ab41-869e-4138-9e40-2a4457f09bf0,NT AUTHORITY\SYSTEM,4624,2019-02-14 04:20:55.623,263a788b-6526-4cdc-8ed9-d79402fe4aa0,MSTICAlertsWin1,MSTICAlertsWin1$,WORKGROUP,S-1-5-18,SYSTEM,NT AUTHORITY,S-1-5-18,0x3e7,Advapi  ,5,Negotiate,,-,-,2019-02-14 04:20:55.623
84,52b1ab41-869e-4138-9e40-2a4457f09bf0,NT AUTHORITY\SYSTEM,4624,2019-02-14 04:20:55.653,263a788b-6526-4cdc-8ed9-d79402fe4aa0,MSTICAlertsWin1,MSTICAlertsWin1$,WORKGROUP,S-1-5-18,SYSTEM,NT AUTHORITY,S-1-5-18,0x3e7,Advapi  ,5,Negotiate,,-,-,2019-02-14 04:20:55.653
85,52b1ab41-869e-4138-9e40-2a4457f09bf0,NT AUTHORITY\SYSTEM,4624,2019-02-14 04:20:55.663,263a788b-6526-4cdc-8ed9-d79402fe4aa0,MSTICAlertsWin1,MSTICAlertsWin1$,WORKGROUP,S-1-5-18,SYSTEM,NT AUTHORITY,S-1-5-18,0x3e7,Advapi  ,5,Negotiate,,-,-,2019-02-14 04:20:55.663
86,52b1ab41-869e-4138-9e40-2a4457f09bf0,NT AUTHORITY\SYSTEM,4624,2019-02-14 04:20:55.677,263a788b-6526-4cdc-8ed9-d79402fe4aa0,MSTICAlertsWin1,MSTICAlertsWin1$,WORKGROUP,S-1-5-18,SYSTEM,NT AUTHORITY,S-1-5-18,0x3e7,Advapi  ,5,Negotiate,,-,-,2019-02-14 04:20:55.677
87,52b1ab41-869e-4138-9e40-2a4457f09bf0,NT AUTHORITY\SYSTEM,4624,2019-02-14 04:20:55.687,263a788b-6526-4cdc-8ed9-d79402fe4aa0,MSTICAlertsWin1,MSTICAlertsWin1$,WORKGROUP,S-1-5-18,SYSTEM,NT AUTHORITY,S-1-5-18,0x3e7,Advapi  ,5,Negotiate,,-,-,2019-02-14 04:20:55.687
88,52b1ab41-869e-4138-9e40-2a4457f09bf0,NT AUTHORITY\SYSTEM,4624,2019-02-14 04:20:55.700,263a788b-6526-4cdc-8ed9-d79402fe4aa0,MSTICAlertsWin1,MSTICAlertsWin1$,WORKGROUP,S-1-5-18,SYSTEM,NT AUTHORITY,S-1-5-18,0x3e7,Advapi  ,5,Negotiate,,-,-,2019-02-14 04:20:55.700
89,52b1ab41-869e-4138-9e40-2a4457f09bf0,NT AUTHORITY\SYSTEM,4624,2019-02-14 04:20:55.763,263a788b-6526-4cdc-8ed9-d79402fe4aa0,MSTICAlertsWin1,MSTICAlertsWin1$,WORKGROUP,S-1-5-18,SYSTEM,NT AUTHORITY,S-1-5-18,0x3e7,Advapi  ,5,Negotiate,,-,-,2019-02-14 04:20:55.763
90,52b1ab41-869e-4138-9e40-2a4457f09bf0,MSTICAlertsWin1\MSTICAdmin,4624,2019-02-13 23:07:23.823,263a788b-6526-4cdc-8ed9-d79402fe4aa0,MSTICAlertsWin1,MSTICAlertsWin1$,WORKGROUP,S-1-5-18,MSTICAdmin,MSTICAlertsWin1,S-1-5-21-996632719-2361334927-4038480536-500,0x1f388a3,Advapi  ,4,Negotiate,,-,MSTICAlertsWin1,2019-02-13 23:07:23.823
91,52b1ab41-869e-4138-9e40-2a4457f09bf0,NT AUTHORITY\SYSTEM,4624,2019-02-13 21:35:26.413,263a788b-6526-4cdc-8ed9-d79402fe4aa0,MSTICAlertsWin1,MSTICAlertsWin1$,WORKGROUP,S-1-5-18,SYSTEM,NT AUTHORITY,S-1-5-18,0x3e7,Advapi  ,5,Negotiate,,-,-,2019-02-13 21:35:26.413
92,52b1ab41-869e-4138-9e40-2a4457f09bf0,NT AUTHORITY\SYSTEM,4624,2019-02-14 04:21:53.193,263a788b-6526-4cdc-8ed9-d79402fe4aa0,MSTICAlertsWin1,MSTICAlertsWin1$,WORKGROUP,S-1-5-18,SYSTEM,NT AUTHORITY,S-1-5-18,0x3e7,Advapi  ,5,Negotiate,,-,-,2019-02-14 04:21:53.193
93,52b1ab41-869e-4138-9e40-2a4457f09bf0,NT AUTHORITY\SYSTEM,4624,2019-02-13 20:11:41.150,263a788b-6526-4cdc-8ed9-d79402fe4aa0,MSTICAlertsWin1,MSTICAlertsWin1$,WORKGROUP,S-1-5-18,SYSTEM,NT AUTHORITY,S-1-5-18,0x3e7,Advapi  ,5,Negotiate,,-,-,2019-02-13 20:11:41.150
94,52b1ab41-869e-4138-9e40-2a4457f09bf0,NT AUTHORITY\SYSTEM,4624,2019-02-13 20:09:41.273,263a788b-6526-4cdc-8ed9-d79402fe4aa0,MSTICAlertsWin1,MSTICAlertsWin1$,WORKGROUP,S-1-5-18,SYSTEM,NT AUTHORITY,S-1-5-18,0x3e7,Advapi  ,5,Negotiate,,-,-,2019-02-13 20:09:41.273
95,52b1ab41-869e-4138-9e40-2a4457f09bf0,NT AUTHORITY\IUSR,4624,2019-02-14 04:20:56.110,263a788b-6526-4cdc-8ed9-d79402fe4aa0,MSTICAlertsWin1,MSTICAlertsWin1$,WORKGROUP,S-1-5-18,IUSR,NT AUTHORITY,S-1-5-17,0x3e3,Advapi  ,5,Negotiate,,-,-,2019-02-14 04:20:56.110
96,52b1ab41-869e-4138-9e40-2a4457f09bf0,NT AUTHORITY\SYSTEM,4624,2019-02-14 04:21:27.023,263a788b-6526-4cdc-8ed9-d79402fe4aa0,MSTICAlertsWin1,MSTICAlertsWin1$,WORKGROUP,S-1-5-18,SYSTEM,NT AUTHORITY,S-1-5-18,0x3e7,Advapi  ,5,Negotiate,,-,-,2019-02-14 04:21:27.023
97,52b1ab41-869e-4138-9e40-2a4457f09bf0,NT AUTHORITY\SYSTEM,4624,2019-02-14 04:21:42.327,263a788b-6526-4cdc-8ed9-d79402fe4aa0,MSTICAlertsWin1,MSTICAlertsWin1$,WORKGROUP,S-1-5-18,SYSTEM,NT AUTHORITY,S-1-5-18,0x3e7,Advapi  ,5,Negotiate,,-,-,2019-02-14 04:21:42.327
98,52b1ab41-869e-4138-9e40-2a4457f09bf0,NT AUTHORITY\SYSTEM,4624,2019-02-13 20:08:39.067,263a788b-6526-4cdc-8ed9-d79402fe4aa0,MSTICAlertsWin1,MSTICAlertsWin1$,WORKGROUP,S-1-5-18,SYSTEM,NT AUTHORITY,S-1-5-18,0x3e7,Advapi  ,5,Negotiate,,-,-,2019-02-13 20:08:39.067
99,52b1ab41-869e-4138-9e40-2a4457f09bf0,Window Manager\DWM-2,4624,2019-02-12 22:22:21.240,263a788b-6526-4cdc-8ed9-d79402fe4aa0,MSTICAlertsWin1,MSTICAlertsWin1$,WORKGROUP,S-1-5-18,DWM-2,Window Manager,S-1-5-90-0-2,0x106b458,Advapi  ,2,Negotiate,,-,-,2019-02-12 22:22:21.240
100,52b1ab41-869e-4138-9e40-2a4457f09bf0,Window Manager\DWM-2,4624,2019-02-12 22:22:21.240,263a788b-6526-4cdc-8ed9-d79402fe4aa0,MSTICAlertsWin1,MSTICAlertsWin1$,WORKGROUP,S-1-5-18,DWM-2,Window Manager,S-1-5-90-0-2,0x106b46b,Advapi  ,2,Negotiate,,-,-,2019-02-12 22:22:21.240
101,52b1ab41-869e-4138-9e40-2a4457f09bf0,NT AUTHORITY\SYSTEM,4624,2019-02-13 00:57:06.550,263a788b-6526-4cdc-8ed9-d79402fe4aa0,MSTICAlertsWin1,MSTICAlertsWin1$,WORKGROUP,S-1-5-18,SYSTEM,NT AUTHORITY,S-1-5-18,0x3e7,Advapi  ,5,Negotiate,,-,-,2019-02-13 00:57:06.550
102,52b1ab41-869e-4138-9e40-2a4457f09bf0,MSTICAlertsWin1\ian,4624,2019-02-13 00:57:19.930,263a788b-6526-4cdc-8ed9-d79402fe4aa0,MSTICAlertsWin1,-,-,S-1-0-0,ian,MSTICAlertsWin1,S-1-5-21-996632719-2361334927-4038480536-1120,0x15a1d83,NtLmSsp ,3,NTLM,,10.0.3.4,MSTICALERTSLXVM2,2019-02-13 00:57:19.930
103,52b1ab41-869e-4138-9e40-2a4457f09bf0,MSTICAlertsWin1\ian,4624,2019-02-13 00:57:37.187,263a788b-6526-4cdc-8ed9-d79402fe4aa0,MSTICAlertsWin1,-,-,S-1-0-0,ian,MSTICAlertsWin1,S-1-5-21-996632719-2361334927-4038480536-1120,0x15a26d7,NtLmSsp ,3,NTLM,,10.0.3.4,MSTICALERTSLXVM2,2019-02-13 00:57:37.187
104,52b1ab41-869e-4138-9e40-2a4457f09bf0,MSTICAlertsWin1\ian,4624,2019-02-13 00:55:38.670,263a788b-6526-4cdc-8ed9-d79402fe4aa0,MSTICAlertsWin1,-,-,S-1-0-0,ian,MSTICAlertsWin1,S-1-5-21-996632719-2361334927-4038480536-1120,0x158943d,NtLmSsp ,3,NTLM,,10.0.3.4,MSTICALERTSLXVM2,2019-02-13 00:55:38.670
105,52b1ab41-869e-4138-9e40-2a4457f09bf0,NT AUTHORITY\SYSTEM,4624,2019-02-13 04:44:32.913,263a788b-6526-4cdc-8ed9-d79402fe4aa0,MSTICAlertsWin1,MSTICAlertsWin1$,WORKGROUP,S-1-5-18,SYSTEM,NT AUTHORITY,S-1-5-18,0x3e7,Advapi  ,5,Negotiate,,-,-,2019-02-13 04:44:32.913
106,52b1ab41-869e-4138-9e40-2a4457f09bf0,NT AUTHORITY\SYSTEM,4624,2019-02-13 03:15:18.813,263a788b-6526-4cdc-8ed9-d79402fe4aa0,MSTICAlertsWin1,MSTICAlertsWin1$,WORKGROUP,S-1-5-18,SYSTEM,NT AUTHORITY,S-1-5-18,0x3e7,Advapi  ,5,Negotiate,,-,-,2019-02-13 03:15:18.813
107,52b1ab41-869e-4138-9e40-2a4457f09bf0,NT AUTHORITY\SYSTEM,4624,2019-02-13 20:08:47.880,263a788b-6526-4cdc-8ed9-d79402fe4aa0,MSTICAlertsWin1,MSTICAlertsWin1$,WORKGROUP,S-1-5-18,SYSTEM,NT AUTHORITY,S-1-5-18,0x3e7,Advapi  ,5,Negotiate,,-,-,2019-02-13 20:08:47.880
108,52b1ab41-869e-4138-9e40-2a4457f09bf0,NT AUTHORITY\SYSTEM,4624,2019-02-12 21:53:36.280,263a788b-6526-4cdc-8ed9-d79402fe4aa0,MSTICAlertsWin1,MSTICAlertsWin1$,WORKGROUP,S-1-5-18,SYSTEM,NT AUTHORITY,S-1-5-18,0x3e7,Advapi  ,5,Negotiate,,-,-,2019-02-12 21:53:36.280
109,52b1ab41-869e-4138-9e40-2a4457f09bf0,NT AUTHORITY\SYSTEM,4624,2019-02-12 21:53:53.453,263a788b-6526-4cdc-8ed9-d79402fe4aa0,MSTICAlertsWin1,MSTICAlertsWin1$,WORKGROUP,S-1-5-18,SYSTEM,NT AUTHORITY,S-1-5-18,0x3e7,Advapi  ,5,Negotiate,,-,-,2019-02-12 21:53:53.453
110,52b1ab41-869e-4138-9e40-2a4457f09bf0,NT AUTHORITY\SYSTEM,4624,2019-02-12 21:20:35.003,263a788b-6526-4cdc-8ed9-d79402fe4aa0,MSTICAlertsWin1,MSTICAlertsWin1$,WORKGROUP,S-1-5-18,SYSTEM,NT AUTHORITY,S-1-5-18,0x3e7,Advapi  ,5,Negotiate,,-,-,2019-02-12 21:20:35.003
111,52b1ab41-869e-4138-9e40-2a4457f09bf0,NT AUTHORITY\SYSTEM,4624,2019-02-12 21:05:29.523,263a788b-6526-4cdc-8ed9-d79402fe4aa0,MSTICAlertsWin1,MSTICAlertsWin1$,WORKGROUP,S-1-5-18,SYSTEM,NT AUTHORITY,S-1-5-18,0x3e7,Advapi  ,5,Negotiate,,-,-,2019-02-12 21:05:29.523
112,52b1ab41-869e-4138-9e40-2a4457f09bf0,NT AUTHORITY\SYSTEM,4624,2019-02-12 21:43:25.113,263a788b-6526-4cdc-8ed9-d79402fe4aa0,MSTICAlertsWin1,MSTICAlertsWin1$,WORKGROUP,S-1-5-18,SYSTEM,NT AUTHORITY,S-1-5-18,0x3e7,Advapi  ,5,Negotiate,,-,-,2019-02-12 21:43:25.113
113,52b1ab41-869e-4138-9e40-2a4457f09bf0,NT AUTHORITY\SYSTEM,4624,2019-02-12 21:43:25.143,263a788b-6526-4cdc-8ed9-d79402fe4aa0,MSTICAlertsWin1,MSTICAlertsWin1$,WORKGROUP,S-1-5-18,SYSTEM,NT AUTHORITY,S-1-5-18,0x3e7,Advapi  ,5,Negotiate,,-,-,2019-02-12 21:43:25.143
114,52b1ab41-869e-4138-9e40-2a4457f09bf0,NT AUTHORITY\SYSTEM,4624,2019-02-12 21:43:40.237,263a788b-6526-4cdc-8ed9-d79402fe4aa0,MSTICAlertsWin1,MSTICAlertsWin1$,WORKGROUP,S-1-5-18,SYSTEM,NT AUTHORITY,S-1-5-18,0x3e7,Advapi  ,5,Negotiate,,-,-,2019-02-12 21:43:40.237
115,52b1ab41-869e-4138-9e40-2a4457f09bf0,NT AUTHORITY\SYSTEM,4624,2019-02-12 21:43:25.113,263a788b-6526-4cdc-8ed9-d79402fe4aa0,MSTICAlertsWin1,MSTICAlertsWin1$,WORKGROUP,S-1-5-18,SYSTEM,NT AUTHORITY,S-1-5-18,0x3e7,Advapi  ,5,Negotiate,,-,-,2019-02-12 21:43:25.113
116,52b1ab41-869e-4138-9e40-2a4457f09bf0,NT AUTHORITY\SYSTEM,4624,2019-02-12 21:43:25.143,263a788b-6526-4cdc-8ed9-d79402fe4aa0,MSTICAlertsWin1,MSTICAlertsWin1$,WORKGROUP,S-1-5-18,SYSTEM,NT AUTHORITY,S-1-5-18,0x3e7,Advapi  ,5,Negotiate,,-,-,2019-02-12 21:43:25.143
117,52b1ab41-869e-4138-9e40-2a4457f09bf0,NT AUTHORITY\SYSTEM,4624,2019-02-12 21:49:11.777,263a788b-6526-4cdc-8ed9-d79402fe4aa0,MSTICAlertsWin1,MSTICAlertsWin1$,WORKGROUP,S-1-5-18,SYSTEM,NT AUTHORITY,S-1-5-18,0x3e7,Advapi  ,5,Negotiate,,-,-,2019-02-12 21:49:11.777
118,52b1ab41-869e-4138-9e40-2a4457f09bf0,NT AUTHORITY\SYSTEM,4624,2019-02-12 21:39:15.897,263a788b-6526-4cdc-8ed9-d79402fe4aa0,MSTICAlertsWin1,MSTICAlertsWin1$,WORKGROUP,S-1-5-18,SYSTEM,NT AUTHORITY,S-1-5-18,0x3e7,Advapi  ,5,Negotiate,,-,-,2019-02-12 21:39:15.897
119,52b1ab41-869e-4138-9e40-2a4457f09bf0,NT AUTHORITY\SYSTEM,4624,2019-02-12 20:11:06.790,263a788b-6526-4cdc-8ed9-d79402fe4aa0,MSTICAlertsWin1,MSTICAlertsWin1$,WORKGROUP,S-1-5-18,SYSTEM,NT AUTHORITY,S-1-5-18,0x3e7,Advapi  ,5,Negotiate,,-,-,2019-02-12 20:11:06.790
120,52b1ab41-869e-4138-9e40-2a4457f09bf0,NT AUTHORITY\SYSTEM,4624,2019-02-12 20:12:07.010,263a788b-6526-4cdc-8ed9-d79402fe4aa0,MSTICAlertsWin1,MSTICAlertsWin1$,WORKGROUP,S-1-5-18,SYSTEM,NT AUTHORITY,S-1-5-18,0x3e7,Advapi  ,5,Negotiate,,-,-,2019-02-12 20:12:07.010
121,52b1ab41-869e-4138-9e40-2a4457f09bf0,NT AUTHORITY\SYSTEM,4624,2019-02-12 20:12:46.627,263a788b-6526-4cdc-8ed9-d79402fe4aa0,MSTICAlertsWin1,MSTICAlertsWin1$,WORKGROUP,S-1-5-18,SYSTEM,NT AUTHORITY,S-1-5-18,0x3e7,Advapi  ,5,Negotiate,,-,-,2019-02-12 20:12:46.627
122,52b1ab41-869e-4138-9e40-2a4457f09bf0,NT AUTHORITY\SYSTEM,4624,2019-02-12 20:39:45.067,263a788b-6526-4cdc-8ed9-d79402fe4aa0,MSTICAlertsWin1,MSTICAlertsWin1$,WORKGROUP,S-1-5-18,SYSTEM,NT AUTHORITY,S-1-5-18,0x3e7,Advapi  ,5,Negotiate,,-,-,2019-02-12 20:39:45.067
123,52b1ab41-869e-4138-9e40-2a4457f09bf0,NT AUTHORITY\SYSTEM,4624,2019-02-12 20:39:14.110,263a788b-6526-4cdc-8ed9-d79402fe4aa0,MSTICAlertsWin1,MSTICAlertsWin1$,WORKGROUP,S-1-5-18,SYSTEM,NT AUTHORITY,S-1-5-18,0x3e7,Advapi  ,5,Negotiate,,-,-,2019-02-12 20:39:14.110
124,52b1ab41-869e-4138-9e40-2a4457f09bf0,MSTICAlertsWin1\ian,4624,2019-02-12 20:41:17.310,263a788b-6526-4cdc-8ed9-d79402fe4aa0,MSTICAlertsWin1,MSTICAlertsWin1$,WORKGROUP,S-1-5-18,ian,MSTICAlertsWin1,S-1-5-21-996632719-2361334927-4038480536-1120,0x7ad58d,Advapi  ,4,Negotiate,,-,MSTICAlertsWin1,2019-02-12 20:41:17.310
125,52b1ab41-869e-4138-9e40-2a4457f09bf0,NT AUTHORITY\SYSTEM,4624,2019-02-12 22:13:04.753,263a788b-6526-4cdc-8ed9-d79402fe4aa0,MSTICAlertsWin1,MSTICAlertsWin1$,WORKGROUP,S-1-5-18,SYSTEM,NT AUTHORITY,S-1-5-18,0x3e7,Advapi  ,5,Negotiate,,-,-,2019-02-12 22:13:04.753
126,52b1ab41-869e-4138-9e40-2a4457f09bf0,NT AUTHORITY\SYSTEM,4624,2019-02-12 22:13:07.250,263a788b-6526-4cdc-8ed9-d79402fe4aa0,MSTICAlertsWin1,MSTICAlertsWin1$,WORKGROUP,S-1-5-18,SYSTEM,NT AUTHORITY,S-1-5-18,0x3e7,Advapi  ,5,Negotiate,,-,-,2019-02-12 22:13:07.250
127,52b1ab41-869e-4138-9e40-2a4457f09bf0,NT AUTHORITY\SYSTEM,4624,2019-02-12 22:20:59.200,263a788b-6526-4cdc-8ed9-d79402fe4aa0,MSTICAlertsWin1,MSTICAlertsWin1$,WORKGROUP,S-1-5-18,SYSTEM,NT AUTHORITY,S-1-5-18,0x3e7,Advapi  ,5,Negotiate,,-,-,2019-02-12 22:20:59.200
128,52b1ab41-869e-4138-9e40-2a4457f09bf0,NT AUTHORITY\SYSTEM,4624,2019-02-12 22:07:40.680,263a788b-6526-4cdc-8ed9-d79402fe4aa0,MSTICAlertsWin1,MSTICAlertsWin1$,WORKGROUP,S-1-5-18,SYSTEM,NT AUTHORITY,S-1-5-18,0x3e7,Advapi  ,5,Negotiate,,-,-,2019-02-12 22:07:40.680
129,52b1ab41-869e-4138-9e40-2a4457f09bf0,NT AUTHORITY\SYSTEM,4624,2019-02-12 22:07:40.703,263a788b-6526-4cdc-8ed9-d79402fe4aa0,MSTICAlertsWin1,MSTICAlertsWin1$,WORKGROUP,S-1-5-18,SYSTEM,NT AUTHORITY,S-1-5-18,0x3e7,Advapi  ,5,Negotiate,,-,-,2019-02-12 22:07:40.703
130,52b1ab41-869e-4138-9e40-2a4457f09bf0,NT AUTHORITY\SYSTEM,4624,2019-02-12 20:09:16.550,263a788b-6526-4cdc-8ed9-d79402fe4aa0,MSTICAlertsWin1,MSTICAlertsWin1$,WORKGROUP,S-1-5-18,SYSTEM,NT AUTHORITY,S-1-5-18,0x3e7,Advapi  ,5,Negotiate,,-,-,2019-02-12 20:09:16.550
131,52b1ab41-869e-4138-9e40-2a4457f09bf0,MSTICAlertsWin1\ian,4624,2019-02-12 20:29:51.030,263a788b-6526-4cdc-8ed9-d79402fe4aa0,MSTICAlertsWin1,MSTICAdmin,MSTICAlertsWin1,S-1-5-21-996632719-2361334927-4038480536-500,ian,MSTICAlertsWin1,S-1-5-21-996632719-2361334927-4038480536-1120,0x5d5ace,seclogo,2,Negotiate,,::1,MSTICAlertsWin1,2019-02-12 20:29:51.030
132,52b1ab41-869e-4138-9e40-2a4457f09bf0,MSTICAlertsWin1\ian,4624,2019-02-12 20:29:51.030,263a788b-6526-4cdc-8ed9-d79402fe4aa0,MSTICAlertsWin1,MSTICAdmin,MSTICAlertsWin1,S-1-5-21-996632719-2361334927-4038480536-500,ian,MSTICAlertsWin1,S-1-5-21-996632719-2361334927-4038480536-1120,0x5d5af2,seclogo,2,Negotiate,,::1,MSTICAlertsWin1,2019-02-12 20:29:51.030
133,52b1ab41-869e-4138-9e40-2a4457f09bf0,NT AUTHORITY\SYSTEM,4624,2019-02-12 22:13:39.547,263a788b-6526-4cdc-8ed9-d79402fe4aa0,MSTICAlertsWin1,MSTICAlertsWin1$,WORKGROUP,S-1-5-18,SYSTEM,NT AUTHORITY,S-1-5-18,0x3e7,Advapi  ,5,Negotiate,,-,-,2019-02-12 22:13:39.547
134,52b1ab41-869e-4138-9e40-2a4457f09bf0,NT AUTHORITY\SYSTEM,4624,2019-02-12 22:14:07.417,263a788b-6526-4cdc-8ed9-d79402fe4aa0,MSTICAlertsWin1,MSTICAlertsWin1$,WORKGROUP,S-1-5-18,SYSTEM,NT AUTHORITY,S-1-5-18,0x3e7,Advapi  ,5,Negotiate,,-,-,2019-02-12 22:14:07.417
135,52b1ab41-869e-4138-9e40-2a4457f09bf0,NT AUTHORITY\SYSTEM,4624,2019-02-12 20:30:34.990,263a788b-6526-4cdc-8ed9-d79402fe4aa0,MSTICAlertsWin1,MSTICAlertsWin1$,WORKGROUP,S-1-5-18,SYSTEM,NT AUTHORITY,S-1-5-18,0x3e7,Advapi  ,5,Negotiate,,-,-,2019-02-12 20:30:34.990
136,52b1ab41-869e-4138-9e40-2a4457f09bf0,NT AUTHORITY\SYSTEM,4624,2019-02-12 20:30:55.050,263a788b-6526-4cdc-8ed9-d79402fe4aa0,MSTICAlertsWin1,MSTICAlertsWin1$,WORKGROUP,S-1-5-18,SYSTEM,NT AUTHORITY,S-1-5-18,0x3e7,Advapi  ,5,Negotiate,,-,-,2019-02-12 20:30:55.050
137,52b1ab41-869e-4138-9e40-2a4457f09bf0,MSTICAlertsWin1\MSTICAdmin,4624,2019-02-12 20:19:39.900,263a788b-6526-4cdc-8ed9-d79402fe4aa0,MSTICAlertsWin1,-,-,S-1-0-0,MSTICAdmin,MSTICAlertsWin1,S-1-5-21-996632719-2361334927-4038480536-500,0x2d882c,NtLmSsp ,3,NTLM,,131.107.147.209,IANHELLE-DEV17,2019-02-12 20:19:39.900
138,52b1ab41-869e-4138-9e40-2a4457f09bf0,MSTICAlertsWin1\MSTICAdmin,4624,2019-02-12 20:19:41.937,263a788b-6526-4cdc-8ed9-d79402fe4aa0,MSTICAlertsWin1,-,-,S-1-0-0,MSTICAdmin,MSTICAlertsWin1,S-1-5-21-996632719-2361334927-4038480536-500,0x2da7cd,NtLmSsp ,3,NTLM,,131.107.147.209,IANHELLE-DEV17,2019-02-12 20:19:41.937
139,52b1ab41-869e-4138-9e40-2a4457f09bf0,Window Manager\DWM-2,4624,2019-02-12 20:19:43.440,263a788b-6526-4cdc-8ed9-d79402fe4aa0,MSTICAlertsWin1,MSTICAlertsWin1$,WORKGROUP,S-1-5-18,DWM-2,Window Manager,S-1-5-90-0-2,0x2dca2b,Advapi  ,2,Negotiate,,-,-,2019-02-12 20:19:43.440
140,52b1ab41-869e-4138-9e40-2a4457f09bf0,Window Manager\DWM-2,4624,2019-02-12 20:19:43.440,263a788b-6526-4cdc-8ed9-d79402fe4aa0,MSTICAlertsWin1,MSTICAlertsWin1$,WORKGROUP,S-1-5-18,DWM-2,Window Manager,S-1-5-90-0-2,0x2dca48,Advapi  ,2,Negotiate,,-,-,2019-02-12 20:19:43.440
141,52b1ab41-869e-4138-9e40-2a4457f09bf0,MSTICAlertsWin1\MSTICAdmin,4624,2019-02-12 20:19:44.767,263a788b-6526-4cdc-8ed9-d79402fe4aa0,MSTICAlertsWin1,MSTICAlertsWin1$,WORKGROUP,S-1-5-18,MSTICAdmin,MSTICAlertsWin1,S-1-5-21-996632719-2361334927-4038480536-500,0x2e2017,User32 ,10,Negotiate,,131.107.147.209,MSTICAlertsWin1,2019-02-12 20:19:44.767
142,52b1ab41-869e-4138-9e40-2a4457f09bf0,NT AUTHORITY\SYSTEM,4624,2019-02-12 20:19:52.520,263a788b-6526-4cdc-8ed9-d79402fe4aa0,MSTICAlertsWin1,MSTICAlertsWin1$,WORKGROUP,S-1-5-18,SYSTEM,NT AUTHORITY,S-1-5-18,0x3e7,Advapi  ,5,Negotiate,,-,-,2019-02-12 20:19:52.520
143,52b1ab41-869e-4138-9e40-2a4457f09bf0,NT AUTHORITY\SYSTEM,4624,2019-02-12 21:58:50.533,263a788b-6526-4cdc-8ed9-d79402fe4aa0,MSTICAlertsWin1,MSTICAlertsWin1$,WORKGROUP,S-1-5-18,SYSTEM,NT AUTHORITY,S-1-5-18,0x3e7,Advapi  ,5,Negotiate,,-,-,2019-02-12 21:58:50.533
144,52b1ab41-869e-4138-9e40-2a4457f09bf0,NT AUTHORITY\SYSTEM,4624,2019-02-12 21:58:50.563,263a788b-6526-4cdc-8ed9-d79402fe4aa0,MSTICAlertsWin1,MSTICAlertsWin1$,WORKGROUP,S-1-5-18,SYSTEM,NT AUTHORITY,S-1-5-18,0x3e7,Advapi  ,5,Negotiate,,-,-,2019-02-12 21:58:50.563
145,52b1ab41-869e-4138-9e40-2a4457f09bf0,NT AUTHORITY\SYSTEM,4624,2019-02-15 11:51:37.597,263a788b-6526-4cdc-8ed9-d79402fe4aa0,MSTICAlertsWin1,MSTICAlertsWin1$,WORKGROUP,S-1-5-18,SYSTEM,NT AUTHORITY,S-1-5-18,0x3e7,Advapi  ,5,Negotiate,,-,-,2019-02-15 11:51:37.597
146,52b1ab41-869e-4138-9e40-2a4457f09bf0,NT AUTHORITY\SYSTEM,4624,2019-02-15 06:51:51.500,263a788b-6526-4cdc-8ed9-d79402fe4aa0,MSTICAlertsWin1,MSTICAlertsWin1$,WORKGROUP,S-1-5-18,SYSTEM,NT AUTHORITY,S-1-5-18,0x3e7,Advapi  ,5,Negotiate,,-,-,2019-02-15 06:51:51.500
147,52b1ab41-869e-4138-9e40-2a4457f09bf0,NT AUTHORITY\SYSTEM,4624,2019-02-15 04:16:08.337,263a788b-6526-4cdc-8ed9-d79402fe4aa0,MSTICAlertsWin1,MSTICAlertsWin1$,WORKGROUP,S-1-5-18,SYSTEM,NT AUTHORITY,S-1-5-18,0x3e7,Advapi  ,5,Negotiate,,-,-,2019-02-15 04:16:08.337
148,52b1ab41-869e-4138-9e40-2a4457f09bf0,NT AUTHORITY\SYSTEM,4624,2019-02-15 08:23:01.823,263a788b-6526-4cdc-8ed9-d79402fe4aa0,MSTICAlertsWin1,MSTICAlertsWin1$,WORKGROUP,S-1-5-18,SYSTEM,NT AUTHORITY,S-1-5-18,0x3e7,Advapi  ,5,Negotiate,,-,-,2019-02-15 08:23:01.823
149,52b1ab41-869e-4138-9e40-2a4457f09bf0,NT AUTHORITY\SYSTEM,4624,2019-02-15 08:51:51.763,263a788b-6526-4cdc-8ed9-d79402fe4aa0,MSTICAlertsWin1,MSTICAlertsWin1$,WORKGROUP,S-1-5-18,SYSTEM,NT AUTHORITY,S-1-5-18,0x3e7,Advapi  ,5,Negotiate,,-,-,2019-02-15 08:51:51.763
150,52b1ab41-869e-4138-9e40-2a4457f09bf0,MSTICAlertsWin1\MSTICAdmin,4624,2019-02-15 03:57:02.593,263a788b-6526-4cdc-8ed9-d79402fe4aa0,MSTICAlertsWin1,MSTICAlertsWin1$,WORKGROUP,S-1-5-18,MSTICAdmin,MSTICAlertsWin1,S-1-5-21-996632719-2361334927-4038480536-500,0x109c408,User32 ,10,Negotiate,,131.107.147.209,MSTICAlertsWin1,2019-02-15 03:57:02.593
151,52b1ab41-869e-4138-9e40-2a4457f09bf0,NT AUTHORITY\SYSTEM,4624,2019-02-15 03:57:03.627,263a788b-6526-4cdc-8ed9-d79402fe4aa0,MSTICAlertsWin1,MSTICAlertsWin1$,WORKGROUP,S-1-5-18,SYSTEM,NT AUTHORITY,S-1-5-18,0x3e7,Advapi  ,5,Negotiate,,-,-,2019-02-15 03:57:03.627
152,52b1ab41-869e-4138-9e40-2a4457f09bf0,NT AUTHORITY\SYSTEM,4624,2019-02-15 03:57:03.680,263a788b-6526-4cdc-8ed9-d79402fe4aa0,MSTICAlertsWin1,MSTICAlertsWin1$,WORKGROUP,S-1-5-18,SYSTEM,NT AUTHORITY,S-1-5-18,0x3e7,Advapi  ,5,Negotiate,,-,-,2019-02-15 03:57:03.680
153,52b1ab41-869e-4138-9e40-2a4457f09bf0,MSTICAlertsWin1\ian,4624,2019-02-15 03:56:32.210,263a788b-6526-4cdc-8ed9-d79402fe4aa0,MSTICAlertsWin1,-,-,S-1-0-0,ian,MSTICAlertsWin1,S-1-5-21-996632719-2361334927-4038480536-1120,0x10957b1,NtLmSsp ,3,NTLM,,131.107.147.209,IANHELLE-DEV17,2019-02-15 03:56:32.210
154,52b1ab41-869e-4138-9e40-2a4457f09bf0,MSTICAlertsWin1\ian,4624,2019-02-15 03:56:34.440,263a788b-6526-4cdc-8ed9-d79402fe4aa0,MSTICAlertsWin1,-,-,S-1-0-0,ian,MSTICAlertsWin1,S-1-5-21-996632719-2361334927-4038480536-1120,0x1096255,NtLmSsp ,3,NTLM,,131.107.147.209,IANHELLE-DEV17,2019-02-15 03:56:34.440
155,52b1ab41-869e-4138-9e40-2a4457f09bf0,MSTICAlertsWin1\MSTICAdmin,4624,2019-02-15 03:56:57.070,263a788b-6526-4cdc-8ed9-d79402fe4aa0,MSTICAlertsWin1,-,-,S-1-0-0,MSTICAdmin,MSTICAlertsWin1,S-1-5-21-996632719-2361334927-4038480536-500,0x1096a6d,NtLmSsp ,3,NTLM,,131.107.147.209,IANHELLE-DEV17,2019-02-15 03:56:57.070
156,52b1ab41-869e-4138-9e40-2a4457f09bf0,MSTICAlertsWin1\MSTICAdmin,4624,2019-02-15 03:57:00.207,263a788b-6526-4cdc-8ed9-d79402fe4aa0,MSTICAlertsWin1,-,-,S-1-0-0,MSTICAdmin,MSTICAlertsWin1,S-1-5-21-996632719-2361334927-4038480536-500,0x1096b4c,NtLmSsp ,3,NTLM,,131.107.147.209,IANHELLE-DEV17,2019-02-15 03:57:00.207
157,52b1ab41-869e-4138-9e40-2a4457f09bf0,Window Manager\DWM-2,4624,2019-02-15 03:57:01.903,263a788b-6526-4cdc-8ed9-d79402fe4aa0,MSTICAlertsWin1,MSTICAlertsWin1$,WORKGROUP,S-1-5-18,DWM-2,Window Manager,S-1-5-90-0-2,0x1097ad8,Advapi  ,2,Negotiate,,-,-,2019-02-15 03:57:01.903
158,52b1ab41-869e-4138-9e40-2a4457f09bf0,Window Manager\DWM-2,4624,2019-02-15 03:57:01.903,263a788b-6526-4cdc-8ed9-d79402fe4aa0,MSTICAlertsWin1,MSTICAlertsWin1$,WORKGROUP,S-1-5-18,DWM-2,Window Manager,S-1-5-90-0-2,0x1097ae9,Advapi  ,2,Negotiate,,-,-,2019-02-15 03:57:01.903
159,52b1ab41-869e-4138-9e40-2a4457f09bf0,NT AUTHORITY\SYSTEM,4624,2019-02-15 04:21:37.163,263a788b-6526-4cdc-8ed9-d79402fe4aa0,MSTICAlertsWin1,MSTICAlertsWin1$,WORKGROUP,S-1-5-18,SYSTEM,NT AUTHORITY,S-1-5-18,0x3e7,Advapi  ,5,Negotiate,,-,-,2019-02-15 04:21:37.163
160,52b1ab41-869e-4138-9e40-2a4457f09bf0,NT AUTHORITY\SYSTEM,4624,2019-02-15 04:15:12.223,263a788b-6526-4cdc-8ed9-d79402fe4aa0,MSTICAlertsWin1,MSTICAlertsWin1$,WORKGROUP,S-1-5-18,SYSTEM,NT AUTHORITY,S-1-5-18,0x3e7,Advapi  ,5,Negotiate,,-,-,2019-02-15 04:15:12.223
161,52b1ab41-869e-4138-9e40-2a4457f09bf0,NT AUTHORITY\SYSTEM,4624,2019-02-15 02:56:44.070,263a788b-6526-4cdc-8ed9-d79402fe4aa0,MSTICAlertsWin1,MSTICAlertsWin1$,WORKGROUP,S-1-5-18,SYSTEM,NT AUTHORITY,S-1-5-18,0x3e7,Advapi  ,5,Negotiate,,-,-,2019-02-15 02:56:44.070
162,52b1ab41-869e-4138-9e40-2a4457f09bf0,NT AUTHORITY\SYSTEM,4624,2019-02-15 01:21:37.540,263a788b-6526-4cdc-8ed9-d79402fe4aa0,MSTICAlertsWin1,MSTICAlertsWin1$,WORKGROUP,S-1-5-18,SYSTEM,NT AUTHORITY,S-1-5-18,0x3e7,Advapi  ,5,Negotiate,,-,-,2019-02-15 01:21:37.540
163,52b1ab41-869e-4138-9e40-2a4457f09bf0,NT AUTHORITY\SYSTEM,4624,2019-02-14 14:51:37.637,263a788b-6526-4cdc-8ed9-d79402fe4aa0,MSTICAlertsWin1,MSTICAlertsWin1$,WORKGROUP,S-1-5-18,SYSTEM,NT AUTHORITY,S-1-5-18,0x3e7,Advapi  ,5,Negotiate,,-,-,2019-02-14 14:51:37.637
